B,Dumbo_0,Dumbo_1,Dumbo_2,Dumbo_3,Dumbo_4,Dumbo_5,Dumbo_6,Dumbo_7,Dumbo_8,Dumbo_9,Dumbo_10,Dumbo_11,Dumbo_12,Dumbo_13,Dumbo_14,Dumbo_15
1024,17.297,17.374,17.339,17.356,17.375,17.391,17.321,17.358,17.427,17.435,17.371,17.378,17.393,17.379,17.364,17.363
2560,31.482,31.487,31.471,31.461,31.434,31.527,31.489,31.521,31.586,31.467,31.688,31.542,31.536,31.498,31.425,31.745
5120,55.229,55.172,55.208,55.101,55.254,55.249,55.260,55.223,55.208,55.231,55.219,55.223,55.256,55.222,55.239,55.196
7680,55.229,55.172,55.208,55.101,55.254,55.249,55.260,55.223,55.208,55.231,55.219,55.223,55.256,55.222,55.239,55.196
10240,55.229,55.172,55.208,55.101,55.254,55.249,55.260,55.223,55.208,55.231,55.219,55.223,55.256,55.222,55.239,55.196
25600,55.229,55.172,55.208,55.101,55.254,55.249,55.260,55.223,55.208,55.231,55.219,55.223,55.256,55.222,55.239,55.196
51200,55.229,55.172,55.208,55.101,55.254,55.249,55.260,55.223,55.208,55.231,55.219,55.223,55.256,55.222,55.239,55.196
76800,55.229,55.172,55.208,55.101,55.254,55.249,55.260,55.223,55.208,55.231,55.219,55.223,55.256,55.222,55.239,55.196
102400,55.229,55.172,55.208,55.101,55.254,55.249,55.260,55.223,55.208,55.231,55.219,55.223,55.256,55.222,55.239,55.196
